b,f,bytes,events,fragments,seek_ns,make_ns,apply_ns,typed_p50_ns,typed_p99_ns,typed_max_ns,back_p50_ns,back_p99_ns,report_ns,replay_ms,from_walk_ms,move_us,append_us
8,32,20000,7002,7045,42,208,5541,5793,21459,31042,10959,33791,42,5.9,4.8,5912,276
8,32,20000,7002,7045,42,208,5417,5708,19374,23458,10667,30374,42,5.7,4.7,5513,260
8,32,20000,7002,7045,42,208,5375,5626,18583,27209,10542,29958,42,5.7,4.6,5539,276
8,32,200000,7002,12720,42,208,5959,6209,21876,78291,11457,32666,42,24.1,12.4,35688,276
8,32,200000,7002,12720,42,208,5833,6083,19458,24708,11083,31542,42,22.7,11.5,29605,266
8,32,200000,7002,12720,42,208,5792,6042,20375,52917,11125,32791,42,23.9,12.4,32690,269
8,32,2000000,7002,68824,42,208,6167,6458,22917,27374,12042,35374,42,184.4,83.5,276052,269
8,32,2000000,7002,68824,83,209,6417,6708,25542,219416,12667,65208,42,197.4,83.8,277307,267
8,32,2000000,7002,68824,42,208,6167,6458,20917,27709,12000,34125,42,184.5,84.6,273516,281
8,128,20000,7002,6589,42,208,5500,5791,20458,24833,10792,31792,42,5.7,4.8,6089,265
8,128,20000,7002,6589,42,208,5417,5708,19792,27208,10709,30833,42,5.9,5.0,5849,268
8,128,20000,7002,6589,42,208,5417,5708,19916,39458,10791,30791,42,5.7,4.9,5886,263
8,128,200000,7002,8053,42,208,5375,5625,19707,21375,10500,31291,42,22.7,13.2,32396,271
8,128,200000,7002,8053,42,208,5375,5625,20084,23332,10499,31792,42,23.1,13.4,32586,273
8,128,200000,7002,8053,42,208,5375,5625,20126,22416,10500,31584,42,22.7,13.3,32484,267
8,128,2000000,7002,22088,42,208,6041,6291,20750,24334,11417,32916,42,187.8,96.4,288787,276
8,128,2000000,7002,22088,42,208,6084,6374,23667,40334,11584,35833,42,201.6,236.7,287508,267
8,128,2000000,7002,22088,42,208,5959,6250,20625,22292,11376,32584,42,189.5,97.0,286081,277
8,512,20000,7002,6474,42,208,5458,5709,20041,22750,10751,30834,42,6.1,5.0,6060,275
8,512,20000,7002,6474,42,208,5542,5833,20876,23875,11041,31750,42,6.1,5.0,6046,271
8,512,20000,7002,6474,42,208,5458,5709,20042,25291,10792,30833,42,6.0,5.1,6075,271
8,512,200000,7002,6888,42,167,5375,5584,21333,24875,10416,33626,42,23.3,15.7,35115,271
8,512,200000,7002,6888,42,167,5334,5584,21667,24292,10416,32500,42,22.9,15.9,33375,274
8,512,200000,7002,6888,42,167,5250,5500,19416,20792,10250,29958,42,21.6,15.3,33195,273
8,512,2000000,7002,10404,42,167,5625,5874,20917,23792,10667,31959,42,187.6,122.2,305818,266
8,512,2000000,7002,10404,42,167,5625,5834,20667,23501,10708,32042,42,187.0,120.3,304807,269
8,512,2000000,7002,10404,42,167,5625,5834,20791,23458,10666,32500,42,185.7,121.6,303580,264
16,32,20000,7002,7045,42,250,6333,6667,20709,24792,12542,33209,42,5.8,4.6,5417,260
16,32,20000,7002,7045,42,209,5833,6125,18459,21666,11375,30751,42,5.6,4.5,5433,261
16,32,20000,7002,7045,42,209,5833,6125,18457,25126,11375,30166,42,5.5,4.5,5415,264
16,32,200000,7002,12720,42,209,5916,6208,19625,121334,11707,31125,42,21.8,11.7,29450,266
16,32,200000,7002,12720,83,250,5917,6209,18917,22625,11709,30584,42,22.3,11.5,31417,260
16,32,200000,7002,12720,42,209,5875,6207,19125,22458,11667,31000,42,22.2,11.7,29377,260
16,32,2000000,7002,68824,83,250,6833,7167,22333,23792,13624,35624,83,188.0,82.3,269607,262
16,32,2000000,7002,68824,83,250,6833,7167,22333,24750,13584,35875,83,186.3,80.9,270680,272
16,32,2000000,7002,68824,83,250,6833,7168,22666,26792,13584,36167,83,190.2,82.6,271811,270
16,128,20000,7002,6589,83,250,6459,6833,203249,3388292,13292,276208,42,10.8,10.3,28213,535
16,128,20000,7002,6589,83,291,6500,6916,81833,227042,13250,112625,83,15.5,16.4,57177,336
16,128,20000,7002,6589,42,250,6291,6584,206791,26164125,12625,2599624,42,7.3,7.0,11927,317
16,128,200000,7002,8053,42,209,5917,6208,22667,51208,11666,33916,42,25.3,15.2,36276,286
16,128,200000,7002,8053,42,209,5916,6167,22500,43084,11624,34458,42,25.1,13.5,34165,294
16,128,200000,7002,8053,42,209,6000,6251,24791,363042,11833,46417,42,24.9,14.6,34410,302
16,128,2000000,7002,22088,83,250,6375,6708,64334,1049417,12833,75083,83,206.4,101.8,295147,276
16,128,2000000,7002,22088,83,250,6167,6500,21251,24499,12209,34375,83,192.3,98.6,287391,265
16,128,2000000,7002,22088,83,250,6000,6293,19792,22750,11958,32251,83,181.6,93.4,283821,260
16,512,20000,7002,6474,42,209,6083,6376,19709,24417,11957,32375,42,6.0,4.9,5607,273
16,512,20000,7002,6474,42,209,6041,6374,20417,62792,11875,32041,42,5.7,4.8,5679,286
16,512,20000,7002,6474,42,209,5917,6249,19917,55458,11625,32334,42,5.7,4.8,5732,268
16,512,200000,7002,6888,42,208,5833,6083,21501,26458,11208,32541,42,23.3,16.3,34759,289
16,512,200000,7002,6888,42,208,5792,6043,20124,22917,11125,30791,42,22.5,15.2,33323,268
16,512,200000,7002,6888,42,208,6000,6292,22749,42583,11626,37042,42,24.7,16.2,33981,262
16,512,2000000,7002,10404,42,209,5833,6124,20501,21333,11417,32125,42,186.3,121.8,306286,264
16,512,2000000,7002,10404,42,209,5833,6084,20584,23416,11334,32541,42,186.6,120.4,315648,287
16,512,2000000,7002,10404,42,250,6125,6458,26874,59333,12041,47792,42,382.3,156.7,313824,291
32,32,20000,7002,7045,83,292,7166,7583,23084,35583,13916,36750,42,6.3,5.1,5683,280
32,32,20000,7002,7045,83,292,7125,7501,22043,27292,13959,35750,42,5.9,4.9,5495,274
32,32,20000,7002,7045,83,292,7167,7583,24459,182833,14167,37541,42,5.8,4.8,5840,269
32,32,200000,7002,12720,84,334,7625,8083,28000,104125,15042,47251,83,24.4,12.5,32090,286
32,32,200000,7002,12720,84,334,7500,7917,24416,47000,14709,38792,83,22.4,11.8,30770,288
32,32,200000,7002,12720,84,334,7500,7959,24541,32375,14707,38959,83,23.1,12.2,32044,346
32,32,2000000,7002,68824,83,375,8875,9292,31542,155458,17541,49750,83,192.7,86.6,269635,275
32,32,2000000,7002,68824,83,375,8791,9209,29042,118833,17333,47292,83,185.4,86.9,274711,279
32,32,2000000,7002,68824,42,375,8709,9167,27208,38500,17167,44458,83,187.1,84.5,272096,273
32,128,20000,7002,6589,42,292,7000,7416,22583,29042,13999,34792,42,5.8,4.9,5750,270
32,128,20000,7002,6589,42,292,7000,7376,21625,27291,13833,34666,42,5.7,4.8,5584,270
32,128,20000,7002,6589,42,292,7000,7416,21708,43041,13708,34333,42,5.9,4.9,5655,265
32,128,200000,7002,8053,83,291,7125,7459,21541,28000,13542,33750,83,22.5,13.3,31235,265
32,128,200000,7002,8053,83,292,7083,7417,21209,28042,13459,33625,83,22.1,13.2,31003,266
32,128,200000,7002,8053,83,292,7125,7500,21959,26166,13666,35292,83,22.4,13.2,31109,268
32,128,2000000,7002,22088,83,333,8042,8458,24250,38417,15375,39166,83,186.4,94.5,280933,269
32,128,2000000,7002,22088,83,333,8041,8417,24334,28999,15416,39458,83,185.2,95.9,280827,271
32,128,2000000,7002,22088,83,333,8083,8459,25500,61542,15334,40458,83,184.5,95.4,280316,271
32,512,20000,7002,6474,83,292,7167,7583,24708,112041,14416,39458,42,5.9,5.3,6087,281
32,512,20000,7002,6474,83,292,7083,7459,23000,104250,14126,35624,42,6.0,5.4,6091,283
32,512,20000,7002,6474,83,292,7125,7541,22875,41209,14166,37792,42,6.4,4.9,6372,286
32,512,200000,7002,6888,83,291,6958,7292,22459,26541,13667,37458,83,22.3,15.6,33204,281
32,512,200000,7002,6888,83,291,7125,7499,25084,57874,13876,38917,83,25.4,17.2,34588,272
32,512,200000,7002,6888,83,291,7042,7416,23791,28584,13749,39541,83,22.7,15.5,33911,283
32,512,2000000,7002,10404,83,292,7292,7667,23417,25584,13917,36250,83,186.4,122.7,315073,263
32,512,2000000,7002,10404,83,292,7333,7708,22958,29459,14084,37083,83,188.1,127.3,321580,286
32,512,2000000,7002,10404,83,292,7334,7749,23874,31583,14125,37125,83,183.3,121.5,304908,270
64,32,20000,7002,7045,166,500,11000,11584,29625,34667,21291,48416,125,5.7,4.6,5364,260
64,32,20000,7002,7045,166,500,11125,11749,29542,38416,21499,48833,166,5.7,4.6,5417,269
64,32,20000,7002,7045,166,500,11125,11708,30709,44250,21541,49959,125,5.7,4.5,5418,260
64,32,200000,7002,12720,83,417,11083,11584,29792,34126,21625,49958,83,22.4,11.7,29176,268
64,32,200000,7002,12720,83,417,11125,11666,29666,32750,21834,51084,83,22.2,11.4,29634,274
64,32,200000,7002,12720,83,417,11083,11583,29250,32459,21667,50042,83,22.0,11.1,28938,266
64,32,2000000,7002,68824,125,583,12750,13458,38000,41500,25874,64959,125,186.1,83.6,270118,272
64,32,2000000,7002,68824,125,583,12791,13459,41417,81250,25916,72167,125,201.9,84.6,524045,306
64,32,2000000,7002,68824,125,542,12375,13082,35792,42374,25084,61417,125,188.1,85.6,278826,277
64,128,20000,7002,6589,125,458,11042,11667,31583,37333,21208,49167,125,5.8,4.8,5542,273
64,128,20000,7002,6589,125,458,11000,11625,30583,33084,21126,50375,125,6.3,5.3,5958,274
64,128,20000,7002,6589,125,417,10792,11416,29541,37291,20792,48417,125,5.7,4.7,5777,270
64,128,200000,7002,8053,84,416,11042,11626,32793,44124,21126,51751,84,23.2,14.4,30286,264
64,128,200000,7002,8053,84,375,10833,11416,29250,34958,20833,48083,84,23.2,12.8,31272,265
64,128,200000,7002,8053,84,416,11000,11625,30416,34667,21125,49249,84,23.0,13.0,31392,269
64,128,2000000,7002,22088,83,458,11125,11625,29500,33792,22292,49000,83,181.1,94.7,279853,296
64,128,2000000,7002,22088,83,459,11667,12208,46917,113875,23500,97458,83,186.4,96.6,281885,265
64,128,2000000,7002,22088,83,458,11084,11624,30125,38999,22251,49666,83,182.5,95.0,280576,266
64,512,20000,7002,6474,125,458,10875,11458,30374,47624,20874,48875,125,5.7,4.8,5594,269
64,512,20000,7002,6474,125,458,10875,11458,29625,34708,20833,49709,125,5.6,4.8,5528,269
64,512,20000,7002,6474,125,417,10750,11374,29000,36749,20708,48833,125,5.6,4.8,5549,261
64,512,200000,7002,6888,125,416,10833,11416,30750,36750,20791,48375,125,22.3,16.0,34135,274
64,512,200000,7002,6888,125,416,10958,11542,31666,36000,21042,51500,125,22.6,15.7,33365,276
64,512,200000,7002,6888,125,375,10667,11249,29625,36167,20542,47750,125,22.0,15.5,33242,282
64,512,2000000,7002,10404,83,458,11583,12167,81459,142250,23167,126792,84,289.8,133.5,311145,277
64,512,2000000,7002,10404,83,458,11458,12000,35001,39208,22708,55333,83,184.7,119.9,305683,276
64,512,2000000,7002,10404,83,417,10833,11375,32250,74500,21417,54375,83,183.6,122.0,305996,270
